run_id,status,start_time,end_time,job_name,concurrency_level,repetition,memory_mb_allocated,peak_rss_mb
5a77cb7a-5ca3-4028-aece-76f606440e0d,SUCCESS,2026-04-26T17:07:02.389758+00:00,2026-04-26T17:07:33.757693+00:00,thesis_workload,1,1,,
7be7cdad-e2f7-4d4d-b453-4cc25427f08a,SUCCESS,2026-04-26T17:12:30.805480+00:00,2026-04-26T17:13:01.953306+00:00,thesis_workload,1,1,,
174db267-d6cf-4cd5-9a87-017c09c3c1ae,SUCCESS,2026-04-26T19:12:58.482398+00:00,2026-04-26T19:13:29.619475+00:00,thesis_workload,1,1,,
916453be-5632-4b9c-8b4e-14d9e04939d1,SUCCESS,2026-04-26T20:55:27.049210+00:00,2026-04-26T20:55:58.256349+00:00,thesis_workload,1,2,,
d2b176e6-d65b-4639-a8e8-aa9bd40631b7,SUCCESS,2026-04-26T20:57:57.316945+00:00,2026-04-26T20:58:28.423594+00:00,thesis_workload,1,3,,
b4ead519-e844-416d-a850-9b6ed8d80330,SUCCESS,2026-04-26T21:00:34.373212+00:00,2026-04-26T21:01:05.803965+00:00,thesis_workload,2,1,,
ae740678-3849-46de-b858-2bf9aac9b3c9,SUCCESS,2026-04-26T21:00:34.506070+00:00,2026-04-26T21:01:05.919870+00:00,thesis_workload,2,1,,
dc41a34a-d3ea-4be8-bffc-0107e6213966,SUCCESS,2026-04-26T21:04:06.606316+00:00,2026-04-26T21:04:37.980834+00:00,thesis_workload,2,2,,
4af7ba07-1d95-4aed-8e11-02f37482b88a,SUCCESS,2026-04-26T21:04:06.768565+00:00,2026-04-26T21:04:38.151848+00:00,thesis_workload,2,2,,
ecb747d8-4fa1-4d41-93bd-e5255db8cc00,SUCCESS,2026-04-26T21:07:38.195956+00:00,2026-04-26T21:08:09.589976+00:00,thesis_workload,2,3,,
17a13043-414b-460c-b120-79ed5624208f,SUCCESS,2026-04-26T21:07:38.305175+00:00,2026-04-26T21:08:09.699378+00:00,thesis_workload,2,3,,
629f0c96-8668-48e9-a4a3-d4a8fa14756e,SUCCESS,2026-04-26T21:11:10.640231+00:00,2026-04-26T21:11:41.965180+00:00,thesis_workload,3,1,,
2af93a2c-7df4-4458-81f6-7262b7dee1f4,SUCCESS,2026-04-26T21:11:10.814095+00:00,2026-04-26T21:11:42.255136+00:00,thesis_workload,3,1,,
1b063eee-ffbf-457d-b01e-e5cc4bdadb42,SUCCESS,2026-04-26T21:11:11.021411+00:00,2026-04-26T21:11:42.647813+00:00,thesis_workload,3,1,,
8cd53b3e-c36e-44b0-a8ae-b93df271938b,SUCCESS,2026-04-26T21:15:48.667158+00:00,2026-04-26T21:16:20.119020+00:00,thesis_workload,3,2,,
b05fee5b-d292-4d5a-a22b-a217dd02b8ac,SUCCESS,2026-04-26T21:15:48.807895+00:00,2026-04-26T21:16:20.464973+00:00,thesis_workload,3,2,,
ff1d2aae-d5a4-4a39-85f7-7fe2e968b339,SUCCESS,2026-04-26T21:15:48.978692+00:00,2026-04-26T21:16:20.443234+00:00,thesis_workload,3,2,,
8be0f2fc-6aba-4d02-9631-e5286af796dc,SUCCESS,2026-04-26T21:20:21.765342+00:00,2026-04-26T21:20:52.990385+00:00,thesis_workload,3,3,,
c268a0a3-59cd-4bd1-9364-419a76a71a89,SUCCESS,2026-04-26T21:20:21.894463+00:00,2026-04-26T21:20:53.237812+00:00,thesis_workload,3,3,,
80c3b672-d357-45e5-b9b4-160ad1c99d9a,SUCCESS,2026-04-26T21:20:22.075538+00:00,2026-04-26T21:20:53.547943+00:00,thesis_workload,3,3,,
4e5b68dd-d780-4056-a187-de87ed37f50a,SUCCESS,2026-04-26T21:24:55.334735+00:00,2026-04-26T21:25:27.847080+00:00,thesis_workload,5,1,,
8bb61f8b-1d04-40ca-b7fa-ac12bc65d2bc,SUCCESS,2026-04-26T21:24:55.509639+00:00,2026-04-26T21:25:27.893523+00:00,thesis_workload,5,1,,
3d1728c2-59ed-42e8-aab8-12b29067f6b3,SUCCESS,2026-04-26T21:24:56.202214+00:00,2026-04-26T21:25:28.822196+00:00,thesis_workload,5,1,,
d0b9b7da-66ae-4f36-a54c-52800b7af3b4,SUCCESS,2026-04-26T21:24:55.975211+00:00,2026-04-26T21:25:28.962768+00:00,thesis_workload,5,1,,
e6124f19-7823-418b-9043-bb2d65a373b0,SUCCESS,2026-04-26T21:24:56.872239+00:00,2026-04-26T21:25:29.344971+00:00,thesis_workload,5,1,,
84334f72-b4e3-44c4-9fbb-fbdce2e44d99,SUCCESS,2026-04-26T21:31:30.445739+00:00,2026-04-26T21:32:02.295717+00:00,thesis_workload,5,2,,
bb1aa7ac-ed63-46d4-8e4a-e5a9f02573c8,SUCCESS,2026-04-26T21:31:30.716719+00:00,2026-04-26T21:32:03.071751+00:00,thesis_workload,5,2,,
8244fb15-6916-4f6b-95b5-2bd277f9ca97,SUCCESS,2026-04-26T21:31:30.846832+00:00,2026-04-26T21:32:03.050025+00:00,thesis_workload,5,2,,
c7aec575-569e-4eef-8611-8581f405c728,SUCCESS,2026-04-26T21:31:31.017180+00:00,2026-04-26T21:32:03.365410+00:00,thesis_workload,5,2,,
54abf389-8d07-4337-b44e-b41961dd73f4,SUCCESS,2026-04-26T21:31:31.507293+00:00,2026-04-26T21:32:03.898103+00:00,thesis_workload,5,2,,
232de5e5-3629-4dee-9c80-6bfc7c56e7e4,SUCCESS,2026-04-26T21:38:00.928609+00:00,2026-04-26T21:38:33.405506+00:00,thesis_workload,5,3,,
10e05272-fb82-4b89-b5ac-3daa2ae16c8c,SUCCESS,2026-04-26T21:38:01.194029+00:00,2026-04-26T21:38:34.006299+00:00,thesis_workload,5,3,,
ef221e4b-6cfd-4dca-827c-d270fd4b0788,SUCCESS,2026-04-26T21:38:01.513423+00:00,2026-04-26T21:38:34.216420+00:00,thesis_workload,5,3,,
94db5ad8-7ef6-4b35-8b2e-76f1706649a8,SUCCESS,2026-04-26T21:38:01.776010+00:00,2026-04-26T21:38:34.351363+00:00,thesis_workload,5,3,,
c5f52d74-1ebd-4eb6-ab16-ba406cf24a2b,SUCCESS,2026-04-26T21:38:02.467585+00:00,2026-04-26T21:38:35.189482+00:00,thesis_workload,5,3,,
c9ccb4b1-a0ba-461e-8769-6ef3dbd4fb90,SUCCESS,2026-04-26T21:44:37.814900+00:00,2026-04-26T21:45:10.782571+00:00,thesis_workload,7,1,,
abf5bf1e-74a4-42e2-8393-f5baa3afddf6,SUCCESS,2026-04-26T21:44:37.902879+00:00,2026-04-26T21:45:11.049551+00:00,thesis_workload,7,1,,
10ce0b7f-a65e-445c-962f-8c25165dfd6b,SUCCESS,2026-04-26T21:44:38.621127+00:00,2026-04-26T21:45:12.029116+00:00,thesis_workload,7,1,,
21fa1855-6451-4450-8a33-fc05cd584a9d,SUCCESS,2026-04-26T21:44:38.996806+00:00,2026-04-26T21:45:12.668475+00:00,thesis_workload,7,1,,
404f8d68-56df-4e16-b42a-0dd18eff2dd8,SUCCESS,2026-04-26T21:44:39.540919+00:00,2026-04-26T21:45:13.420421+00:00,thesis_workload,7,1,,
9c2ca53b-93da-4124-89a9-075a87c5a503,SUCCESS,2026-04-26T21:44:39.846929+00:00,2026-04-26T21:45:13.736670+00:00,thesis_workload,7,1,,
4ca2cf2d-a172-428f-b378-3f42189aa580,SUCCESS,2026-04-26T21:44:41.003288+00:00,2026-04-26T21:45:14.859296+00:00,thesis_workload,7,1,,
440988b0-6249-4510-91a2-e97b596b3fce,SUCCESS,2026-04-26T21:53:12.736282+00:00,2026-04-26T21:53:46.449812+00:00,thesis_workload,7,2,,
253562b9-aa30-46bc-894c-231bbee41a5d,SUCCESS,2026-04-26T21:53:13.067946+00:00,2026-04-26T21:53:46.067415+00:00,thesis_workload,7,2,,
f6bf9155-ff19-4b66-9663-7c20db51c7b6,SUCCESS,2026-04-26T21:53:13.296353+00:00,2026-04-26T21:53:46.623121+00:00,thesis_workload,7,2,,
8d15223a-e939-46c8-8b09-923311e52b58,SUCCESS,2026-04-26T21:53:14.191939+00:00,2026-04-26T21:53:47.657430+00:00,thesis_workload,7,2,,
7f88ba24-d974-4676-911b-040c989b6a6a,SUCCESS,2026-04-26T21:53:14.380795+00:00,2026-04-26T21:53:49.074849+00:00,thesis_workload,7,2,,
8ae760d0-40b9-4cca-af68-8a8215b6b3ce,SUCCESS,2026-04-26T21:53:14.440176+00:00,2026-04-26T21:53:49.668347+00:00,thesis_workload,7,2,,
7a5c53fb-2db3-4059-8f41-67ec86cd90b9,SUCCESS,2026-04-26T21:53:15.001750+00:00,2026-04-26T21:53:50.569002+00:00,thesis_workload,7,2,,
eaa9f022-800f-4e86-84cf-032e813ef64e,SUCCESS,2026-04-26T22:01:47.919525+00:00,2026-04-26T22:02:20.719261+00:00,thesis_workload,7,3,,
753c760a-6ba0-4d42-80a1-a05a36e9a7db,SUCCESS,2026-04-26T22:01:48.396918+00:00,2026-04-26T22:02:21.383389+00:00,thesis_workload,7,3,,
b09a577f-3486-41dc-971f-b971ce3cb0d9,SUCCESS,2026-04-26T22:01:48.557821+00:00,2026-04-26T22:02:20.989498+00:00,thesis_workload,7,3,,
e10cc95b-fdb2-4027-a0db-5754398eb146,SUCCESS,2026-04-26T22:01:49.130160+00:00,2026-04-26T22:02:22.208499+00:00,thesis_workload,7,3,,
ebb80174-bf6b-4284-8e09-c9638fe5600a,SUCCESS,2026-04-26T22:01:49.750712+00:00,2026-04-26T22:02:22.597797+00:00,thesis_workload,7,3,,
eec4640c-541b-4430-804f-dac9dbb4d6f0,SUCCESS,2026-04-26T22:01:49.790182+00:00,2026-04-26T22:02:22.599591+00:00,thesis_workload,7,3,,
d622f31e-9883-4ad9-b39c-48e322ca0880,SUCCESS,2026-04-26T22:01:50.260678+00:00,2026-04-26T22:02:23.557763+00:00,thesis_workload,7,3,,
bd810c0a-06ab-4522-9d71-5858997784a0,SUCCESS,2026-04-26T22:10:19.138504+00:00,2026-04-26T22:10:52.016593+00:00,thesis_workload,10,1,,
02601c0e-7c41-4bfd-817c-c0803b6403f4,SUCCESS,2026-04-26T22:10:21.329844+00:00,2026-04-26T22:10:55.996421+00:00,thesis_workload,10,1,,
fc27aa81-9de9-4f75-9dd7-a28d7ac52eff,SUCCESS,2026-04-26T22:10:21.570411+00:00,2026-04-26T22:10:57.082972+00:00,thesis_workload,10,1,,
6419a5df-b0ee-4e69-9020-b1145e4c8c70,SUCCESS,2026-04-26T22:10:22.596934+00:00,2026-04-26T22:10:57.492679+00:00,thesis_workload,10,1,,
3573da80-9aa2-4aab-822e-7306c546d013,SUCCESS,2026-04-26T22:10:23.190504+00:00,2026-04-26T22:10:57.491319+00:00,thesis_workload,10,1,,
889f98a4-96cf-4f71-9795-2f899adb24fc,SUCCESS,2026-04-26T22:10:24.379925+00:00,2026-04-26T22:10:59.891781+00:00,thesis_workload,10,1,,
5af60105-a4ee-4481-ac4a-d346f17c558e,SUCCESS,2026-04-26T22:10:24.441918+00:00,2026-04-26T22:10:59.899644+00:00,thesis_workload,10,1,,
eed2586b-aea1-481e-9662-14475edd2377,SUCCESS,2026-04-26T22:10:25.321533+00:00,2026-04-26T22:11:01.543457+00:00,thesis_workload,10,1,,
d2a95e8e-8f23-47b7-a1b6-280a5a5f8eb9,SUCCESS,2026-04-26T22:10:25.546679+00:00,2026-04-26T22:11:01.354509+00:00,thesis_workload,10,1,,
afdce806-9e3d-4555-b322-bccfac222b58,SUCCESS,2026-04-26T22:10:25.648415+00:00,2026-04-26T22:11:00.664606+00:00,thesis_workload,10,1,,
6894b83b-1138-4eae-8d41-2375a1496ace,SUCCESS,2026-04-26T22:21:51.412394+00:00,2026-04-26T22:22:24.189389+00:00,thesis_workload,10,2,,
8c520e84-1472-441b-920e-71e9acfc6288,SUCCESS,2026-04-26T22:21:52.176233+00:00,2026-04-26T22:22:25.925716+00:00,thesis_workload,10,2,,
7bd6cbd4-7f84-403a-a54e-b87b38e0f720,SUCCESS,2026-04-26T22:21:52.685971+00:00,2026-04-26T22:22:27.271960+00:00,thesis_workload,10,2,,
1a8db6d1-a1de-4a7c-878b-fccf694d499b,SUCCESS,2026-04-26T22:21:53.102600+00:00,2026-04-26T22:22:27.542745+00:00,thesis_workload,10,2,,
ee0d1173-0eb7-469f-8ceb-4b9a3b013f86,SUCCESS,2026-04-26T22:21:53.404008+00:00,2026-04-26T22:22:27.718857+00:00,thesis_workload,10,2,,
f8549a2d-1e5f-4ca6-8357-0ee2a6f24db8,SUCCESS,2026-04-26T22:21:53.291001+00:00,2026-04-26T22:22:27.479851+00:00,thesis_workload,10,2,,
14b82939-128a-467e-adf5-0a9fc4e686fb,SUCCESS,2026-04-26T22:21:59.381093+00:00,2026-04-26T22:22:32.473063+00:00,thesis_workload,10,2,,
d0d863f1-fca6-4a81-aff2-23e8367f60f2,SUCCESS,2026-04-26T22:22:01.280913+00:00,2026-04-26T22:22:34.361687+00:00,thesis_workload,10,2,,
968baf0b-e966-4bb8-a6c5-25727e5a503d,SUCCESS,2026-04-26T22:22:03.825262+00:00,2026-04-26T22:22:36.843597+00:00,thesis_workload,10,2,,
9b38ac60-e76a-4477-9313-76b7bd8c1f0d,SUCCESS,2026-04-26T22:22:05.084345+00:00,2026-04-26T22:22:39.449070+00:00,thesis_workload,10,2,,
1adf4e67-de22-49ac-8b9a-68a3a0ae0b71,SUCCESS,2026-04-26T22:33:31.201677+00:00,2026-04-26T22:34:04.676879+00:00,thesis_workload,10,3,,
0802829a-f066-4f0e-8849-781749f1adec,SUCCESS,2026-04-26T22:33:31.681716+00:00,2026-04-26T22:34:06.547493+00:00,thesis_workload,10,3,,
3f2d5f53-3c33-4a95-93b8-36cafc7ff000,SUCCESS,2026-04-26T22:33:31.637798+00:00,2026-04-26T22:34:05.290477+00:00,thesis_workload,10,3,,
dfada2b1-7f9b-43e6-bb40-843061543ff2,SUCCESS,2026-04-26T22:33:33.355481+00:00,2026-04-26T22:34:07.847059+00:00,thesis_workload,10,3,,
59cfe851-041c-41ab-8788-01f26567774b,SUCCESS,2026-04-26T22:33:34.487561+00:00,2026-04-26T22:34:08.783145+00:00,thesis_workload,10,3,,
55488843-15ab-4c92-b712-891a811980d0,SUCCESS,2026-04-26T22:33:33.956833+00:00,2026-04-26T22:34:07.844540+00:00,thesis_workload,10,3,,
398a4622-7caf-43cf-96f0-e72bae56df55,SUCCESS,2026-04-26T22:33:35.441161+00:00,2026-04-26T22:34:09.924059+00:00,thesis_workload,10,3,,
130cdeaf-be60-4781-9479-97d1918fde47,SUCCESS,2026-04-26T22:33:36.169711+00:00,2026-04-26T22:34:11.366501+00:00,thesis_workload,10,3,,
c8574436-2bbc-4ef0-b4db-862475f7361a,SUCCESS,2026-04-26T22:33:36.992426+00:00,2026-04-26T22:34:11.539161+00:00,thesis_workload,10,3,,
6a1d194b-e5a4-47ff-88fc-128e11b33495,SUCCESS,2026-04-26T22:33:37.303208+00:00,2026-04-26T22:34:11.537431+00:00,thesis_workload,10,3,,
1be70b10-d5a9-40b4-83e0-8a5c755a2902,CANCELED,2026-04-26T22:58:37.896748+00:00,2026-04-27T08:43:15.412261+00:00,thesis_workload,1,1,,
65281f7b-c515-4563-a3cd-e0748767d55e,CANCELED,2026-04-26T23:00:59.875428+00:00,2026-04-27T08:43:15.412261+00:00,thesis_workload,1,2,,
d2951c5d-569a-4f88-934c-bc2f497be86c,CANCELED,2026-04-26T23:03:52.320790+00:00,2026-04-27T08:43:15.412261+00:00,thesis_workload,1,1,,
5d16d47b-1f08-45a0-8ccb-7076a51bb0bb,CANCELED,2026-04-26T23:06:23.587339+00:00,2026-04-27T08:43:15.412261+00:00,thesis_workload,1,2,,
3a8666ba-d990-4930-bd81-96262862618c,CANCELED,2026-04-26T23:08:55.986583+00:00,2026-04-27T08:43:15.412261+00:00,thesis_workload,1,3,,
6cedaa17-5c0c-40fa-b111-484f5a27c5d1,CANCELED,2026-04-26T23:11:27.752513+00:00,2026-04-27T08:43:15.412261+00:00,thesis_workload,2,1,,
7f16be14-a993-4338-a765-56c55ffe774d,CANCELED,2026-04-26T23:11:27.895506+00:00,2026-04-27T08:43:15.412261+00:00,thesis_workload,2,1,,
c3e98c05-2fd1-4544-a00a-c052f1bb928d,CANCELED,2026-04-26T23:15:05.144334+00:00,2026-04-27T08:43:15.412261+00:00,thesis_workload,2,2,,
a64fc04f-fcf9-4be8-962d-03e887218efc,CANCELED,2026-04-26T23:15:05.237540+00:00,2026-04-27T08:43:15.412261+00:00,thesis_workload,2,2,,
60922297-8737-44cf-8ef3-6eefa204f0d2,CANCELED,2026-04-26T23:18:37.689439+00:00,2026-04-27T08:43:15.412261+00:00,thesis_workload,2,3,,
120b5be6-7adf-4571-953b-00047b7d6828,CANCELED,,2026-04-27T08:43:15.412261+00:00,thesis_workload,2,3,,
48fb9718-38b5-44b2-8bcd-25321f4eb8ac,CANCELED,,2026-04-27T08:43:15.412261+00:00,thesis_workload,3,1,,
dd9c2394-afc1-430b-b57a-8611c0267814,CANCELED,,2026-04-27T08:43:15.412261+00:00,thesis_workload,3,1,,
2def32d0-609a-441d-9fac-cb83dfd5c229,CANCELED,,2026-04-27T08:43:15.412261+00:00,thesis_workload,3,1,,
3373996b-f4ec-4a5d-afca-7307e10adbae,CANCELED,,2026-04-27T08:43:15.412261+00:00,thesis_workload,3,2,,
0206ccd9-97fc-4b78-bd7e-d6a4181390f2,CANCELED,,2026-04-27T08:43:15.412261+00:00,thesis_workload,3,2,,
1faa0b05-ff2d-495c-9365-ad4d842390c7,CANCELED,,2026-04-27T08:43:15.412261+00:00,thesis_workload,3,2,,
6563ab7b-9d26-495b-b91f-e742702669d1,CANCELED,,2026-04-27T08:43:15.412261+00:00,thesis_workload,3,3,,
684ba6b5-bba7-4788-97bc-f50d79f685a9,CANCELED,,2026-04-27T08:43:15.412261+00:00,thesis_workload,3,3,,
f5160727-4107-4317-be40-caf78a8ac13a,CANCELED,,2026-04-27T08:43:15.412261+00:00,thesis_workload,3,3,,
9a41f300-2415-4fd9-b363-c7f9145f49f5,CANCELED,,2026-04-27T08:43:15.412261+00:00,thesis_workload,5,1,,
e71e116a-dc3c-474e-b8b7-e414608f033b,CANCELED,,2026-04-27T08:43:15.412261+00:00,thesis_workload,5,1,,
388ae70e-e7e6-445f-ae58-4fae9b04144c,CANCELED,,2026-04-27T08:43:15.412261+00:00,thesis_workload,5,1,,
087cd5a8-9908-40f7-a8fe-f50686fcf320,CANCELED,,2026-04-27T08:43:15.412261+00:00,thesis_workload,5,1,,
5f6af9ab-1236-4874-ac5a-b9de91ad157b,CANCELED,,2026-04-27T08:43:15.412261+00:00,thesis_workload,5,1,,
796cd7f2-6499-4fd2-b69d-4ddf31100829,CANCELED,,2026-04-27T08:43:15.412261+00:00,thesis_workload,5,2,,
ba84ef6b-08d4-4893-bac6-3f9cd30012f1,CANCELED,,2026-04-27T08:43:15.412261+00:00,thesis_workload,5,2,,
21c1dcd0-abba-4856-b93a-09ea730bb13e,CANCELED,,2026-04-27T08:43:15.412261+00:00,thesis_workload,5,2,,
4eb5ffdb-c218-4cfd-bca2-caf01bddc761,CANCELED,,2026-04-27T08:43:15.412261+00:00,thesis_workload,5,2,,
802de6f9-7ea4-4ea6-b1ad-9e264519554e,CANCELED,,2026-04-27T08:43:15.412261+00:00,thesis_workload,5,2,,
fd337219-40e1-44fc-9f56-967ca729d581,CANCELED,,2026-04-27T08:43:15.412261+00:00,thesis_workload,5,3,,
1fd953c0-8820-4a49-a449-53a39d41b8fc,CANCELED,,2026-04-27T08:43:15.412261+00:00,thesis_workload,5,3,,
902262f8-fb80-4c3a-bb03-c6c0f981d536,CANCELED,,2026-04-27T08:43:15.412261+00:00,thesis_workload,5,3,,
84dadd58-a68a-4cd5-bce2-0c9df641b40b,CANCELED,,2026-04-27T08:43:15.412261+00:00,thesis_workload,5,3,,
188a8936-2c9c-4b1f-a922-125a101afe82,CANCELED,,2026-04-27T08:43:15.412261+00:00,thesis_workload,5,3,,
0905212e-c147-4ebd-aaa9-e04ac477761a,CANCELED,,2026-04-27T08:43:15.412261+00:00,thesis_workload,7,1,,
2e7ae290-9322-4e22-83c6-7dd1aaa68972,CANCELED,,2026-04-27T08:43:15.412261+00:00,thesis_workload,7,1,,
cd959e44-c8b1-4c23-bca9-7038813f8a42,CANCELED,,2026-04-27T08:43:15.412261+00:00,thesis_workload,7,1,,
e0daaef6-14d7-4bac-8594-ef67f74a636b,CANCELED,,2026-04-27T08:43:15.412261+00:00,thesis_workload,7,1,,
77959c70-1bef-4da5-8a43-3816191f1f33,CANCELED,,2026-04-27T08:43:15.412261+00:00,thesis_workload,7,1,,
73fbb502-da50-4874-a59a-1df3e91b4db5,CANCELED,,2026-04-27T08:43:15.412261+00:00,thesis_workload,7,1,,
78e492f4-6c67-4558-b36f-1e579a0a2468,CANCELED,,2026-04-27T08:43:15.412261+00:00,thesis_workload,7,1,,
265b050f-6ec0-476a-a2cc-ce6b9d31db36,CANCELED,,2026-04-27T08:43:15.412261+00:00,thesis_workload,7,2,,
34774b82-c461-4e7e-a839-5691b2d86db8,CANCELED,,2026-04-27T08:43:15.412261+00:00,thesis_workload,7,2,,
f611d617-f685-440d-be08-ba791ba09ac9,CANCELED,,2026-04-27T08:43:15.412261+00:00,thesis_workload,7,2,,
647ac988-86de-42ee-9541-3a3a9d94547a,CANCELED,,2026-04-27T08:43:15.412261+00:00,thesis_workload,7,2,,
7a494627-be57-4c46-8bf0-f551e7adbf28,CANCELED,,2026-04-27T08:43:15.412261+00:00,thesis_workload,7,2,,
077542b1-fa12-4ede-8dd4-c675701228c2,CANCELED,,2026-04-27T08:43:15.412261+00:00,thesis_workload,7,2,,
39705d49-e491-454c-a612-8759d3ef553d,CANCELED,,2026-04-27T08:43:15.412261+00:00,thesis_workload,7,2,,
1d941ff4-a424-4d44-a499-682875c9be43,CANCELED,,2026-04-27T08:43:15.412261+00:00,thesis_workload,7,3,,
3eba514d-78d7-42e1-b764-63651374cc0a,CANCELED,,2026-04-27T08:43:15.412261+00:00,thesis_workload,7,3,,
c5474e3f-74b5-44db-b342-fa7a410e52ea,CANCELED,,2026-04-27T08:43:15.412261+00:00,thesis_workload,7,3,,
1c85a351-9cb6-44a4-a90a-8561bcaa8666,CANCELED,,2026-04-27T08:43:15.412261+00:00,thesis_workload,7,3,,
50b63479-028f-4fc0-8913-c9976254fd59,CANCELED,,2026-04-27T08:43:15.412261+00:00,thesis_workload,7,3,,
209d6f58-b50f-4ea2-8c45-bfede9a3f25f,CANCELED,,2026-04-27T08:43:15.412261+00:00,thesis_workload,7,3,,
d5821bd7-b0d0-40a7-bd50-f2040d6fb174,CANCELED,,2026-04-27T08:43:15.412261+00:00,thesis_workload,7,3,,
327fcdf1-e6b9-442f-a412-4aac8f141eb8,CANCELED,,2026-04-27T08:43:15.412261+00:00,thesis_workload,10,1,,
cfaf3d38-b8d1-44c1-9333-5ed24bb0bc03,CANCELED,,2026-04-27T08:43:15.412261+00:00,thesis_workload,10,1,,
71ea96fa-0731-4404-9802-01d6a9a206b3,CANCELED,,2026-04-27T08:43:15.412261+00:00,thesis_workload,10,1,,
42bda9a5-941c-4747-8b47-93225f9ba2f2,CANCELED,,2026-04-27T08:43:15.412261+00:00,thesis_workload,10,1,,
15f32f53-7ede-4188-ab4a-7cced9e31b84,CANCELED,,2026-04-27T08:43:15.412261+00:00,thesis_workload,10,1,,
d6deec54-960f-4bd1-8d1d-104eda350ba2,CANCELED,,2026-04-27T08:43:15.412261+00:00,thesis_workload,10,1,,
bd9a499a-0900-4567-b944-3d2fd2457cfd,CANCELED,,2026-04-27T08:43:15.412261+00:00,thesis_workload,10,1,,
b349389e-75be-4dc5-92ae-4d1a5f5987ff,CANCELED,,2026-04-27T08:43:15.412261+00:00,thesis_workload,10,1,,
2eb43117-44bb-4dc6-96f9-c06832012620,CANCELED,,2026-04-27T08:43:15.412261+00:00,thesis_workload,10,1,,
4be56dcc-5dec-455d-a10b-03a5eada6486,CANCELED,,2026-04-27T08:43:15.412261+00:00,thesis_workload,10,1,,
580d4a7d-f09f-4fec-994e-b75a057706a5,CANCELED,,2026-04-27T08:43:15.412261+00:00,thesis_workload,10,2,,
ebac2477-2043-49ba-bea8-675f685be601,CANCELED,,2026-04-27T08:43:15.412261+00:00,thesis_workload,10,2,,
d3666314-e4f2-4f35-94f1-eaf5d1009d89,CANCELED,,2026-04-27T08:43:15.412261+00:00,thesis_workload,10,2,,
da8e122f-c86c-41d1-94c7-1f8f0fe417b7,CANCELED,,2026-04-27T08:43:15.412261+00:00,thesis_workload,10,2,,
514553f7-2e10-4189-b4d7-df742b86cbce,CANCELED,,2026-04-27T08:43:15.412261+00:00,thesis_workload,10,2,,
650dc99d-91e7-469c-8076-d027d9821069,CANCELED,,2026-04-27T08:43:15.412261+00:00,thesis_workload,10,2,,
fc64a8b9-5235-4c6a-889f-f42ad1b36a62,CANCELED,,2026-04-27T08:43:15.412261+00:00,thesis_workload,10,2,,
5a2e5a4f-f4eb-427f-be61-c9d809ec3de0,CANCELED,,2026-04-27T08:43:15.412261+00:00,thesis_workload,10,2,,
c5fc13f3-b92b-42a5-a299-a64168743205,CANCELED,,2026-04-27T08:43:15.412261+00:00,thesis_workload,10,2,,
fef77ab4-9a4c-4f99-9a0f-2b6c13304601,CANCELED,,2026-04-27T08:43:15.412261+00:00,thesis_workload,10,2,,
3cbcb449-c05d-46ef-a8d9-4d738bfc064b,CANCELED,,2026-04-27T08:43:15.412261+00:00,thesis_workload,10,3,,
9ef2c4cf-862b-424f-97c3-cb55ec1c42cd,CANCELED,,2026-04-27T08:43:15.412261+00:00,thesis_workload,10,3,,
8a8c5446-1a1a-4ebc-ab33-db0721a50c96,CANCELED,,2026-04-27T08:43:15.412261+00:00,thesis_workload,10,3,,
43a0f901-16ee-4f7c-9ccb-63530d605b3d,CANCELED,,2026-04-27T08:43:15.412261+00:00,thesis_workload,10,3,,
d5984ae4-a43f-4cbc-89f5-e322609edc56,CANCELED,,2026-04-27T08:43:15.412261+00:00,thesis_workload,10,3,,
80f74736-10b0-4540-a46c-20a9730b363e,CANCELED,,2026-04-27T08:43:15.412261+00:00,thesis_workload,10,3,,
cd92592a-7ea2-4ad2-aab5-0cfca5782177,CANCELED,,2026-04-27T08:43:15.412261+00:00,thesis_workload,10,3,,
c34c4abe-b002-4850-a953-59b37b8b272c,CANCELED,,2026-04-27T08:43:15.412261+00:00,thesis_workload,10,3,,
c51a2144-102d-47c6-b860-3fee5693270f,CANCELED,,2026-04-27T08:43:15.412261+00:00,thesis_workload,10,3,,
0509ce1d-ee9d-49d0-ac74-7e301ab727a7,CANCELED,,2026-04-27T08:43:15.412261+00:00,thesis_workload,10,3,,
bcb140af-adce-405f-a7c2-fa05c1341344,CANCELED,2026-04-27T08:45:48.209692+00:00,,thesis_workload,1,1,,
24315cc4-36fd-4324-bb7a-2f337b8295e5,CANCELED,2026-04-27T08:48:36.729482+00:00,,thesis_workload,1,2,,
020310c9-d1d5-463b-9760-0ccb66e789e8,CANCELED,2026-04-27T08:51:09.508037+00:00,,thesis_workload,1,3,,
4e6d6d20-bce4-42d6-86b2-3b28f9a6d08f,CANCELED,2026-04-27T08:53:42.027714+00:00,,thesis_workload,2,1,,
a1d14e54-374d-497f-806f-7a439c583474,CANCELED,2026-04-27T08:53:42.144539+00:00,,thesis_workload,2,1,,
56d727cd-336d-4162-b70d-19727d7f2e5c,CANCELED,2026-04-27T08:57:14.450279+00:00,,thesis_workload,2,2,,
a721bfcc-9264-4d09-b562-989d5bbf5055,CANCELED,2026-04-27T08:57:14.579858+00:00,,thesis_workload,2,2,,
f8d9c59f-f90d-498c-8654-ed72b9fb73db,CANCELED,2026-04-27T09:00:47.890635+00:00,,thesis_workload,2,3,,
4c2bdcc8-0746-4d7d-a6f7-92fe351dd5aa,CANCELED,2026-04-27T09:00:47.962029+00:00,,thesis_workload,2,3,,
af5b87ef-44a8-44f4-8c67-7055f4657abb,CANCELED,2026-04-27T09:04:25.418562+00:00,,thesis_workload,3,1,,
2313d924-2dba-4ffd-8a2e-d87f4f21913d,CANCELED,,,thesis_workload,3,1,,
df4870da-b1cd-4737-9825-a6d0989244a6,CANCELED,,,thesis_workload,3,1,,
4eb52c02-bc05-4fbf-ade7-76f0ca866197,CANCELED,,,thesis_workload,3,2,,
49482bc5-d4c0-4d48-a26b-6c3232267d15,CANCELED,,,thesis_workload,3,2,,
3d4c5492-3fa7-457f-ad73-45a32845bcfc,CANCELED,,,thesis_workload,3,2,,
8e151797-a0e5-43b1-8ab3-ef4716208c05,CANCELED,,,thesis_workload,3,3,,
140bffac-aeaf-4c44-b3e5-65e7f1e9e80c,CANCELED,,,thesis_workload,3,3,,
bcff9dda-cd84-483c-8948-7f80503410ef,CANCELED,,,thesis_workload,3,3,,
91ad8cb1-6424-4261-b281-6e4ecd093d67,CANCELED,,,thesis_workload,5,1,,
b9572054-239c-4560-9792-02cd5b595af7,CANCELED,,,thesis_workload,5,1,,
1a194514-5a79-40b4-b493-bb3b06bdb0ea,CANCELED,,,thesis_workload,5,1,,
9c7bc57c-1ec2-4b43-9335-3fe29b49932b,CANCELED,,,thesis_workload,5,1,,
84999211-3bdb-40f9-b376-b0adfd770ff9,CANCELED,,,thesis_workload,5,1,,
f8da00f0-0fa5-4191-8579-95f6a0c93b55,CANCELED,2026-04-27T09:25:43.870461+00:00,2026-04-27T09:26:47.452423+00:00,thesis_workload,0,0,,
e7895b8e-1a12-44bf-a41c-17de7ce6b624,SUCCESS,2026-04-27T09:29:41.595452+00:00,2026-04-27T09:30:44.946816+00:00,thesis_workload,1,1,,
b1778c00-2953-42f0-9329-25b4c863a8c8,SUCCESS,2026-04-27T09:33:19.208426+00:00,2026-04-27T09:34:22.417724+00:00,thesis_workload,1,2,,
f8b68c67-9506-4cc4-9e21-fabb606da8ec,SUCCESS,2026-04-27T09:36:51.690636+00:00,2026-04-27T09:37:55.193312+00:00,thesis_workload,1,3,,
ee7b1730-90cd-4e88-bac7-65fdb16e0efc,SUCCESS,2026-04-27T09:40:28.606712+00:00,2026-04-27T09:41:33.586069+00:00,thesis_workload,2,1,,
4f0be0ac-0e6c-4ccc-b115-69a4cb1d56f1,SUCCESS,2026-04-27T09:40:28.863025+00:00,2026-04-27T09:41:33.586117+00:00,thesis_workload,2,1,,
090e7ad4-4c6a-446f-aab1-37f4bbd27777,SUCCESS,2026-04-27T09:44:00.814525+00:00,2026-04-27T09:45:04.863807+00:00,thesis_workload,2,2,,
7d54ca81-c72b-48e3-8fae-bbea44188d58,SUCCESS,2026-04-27T09:44:00.878422+00:00,2026-04-27T09:45:04.866623+00:00,thesis_workload,2,2,,
38f040ed-c426-45dc-8faa-7dacb8e5537a,SUCCESS,2026-04-27T09:47:32.636609+00:00,2026-04-27T09:48:36.160307+00:00,thesis_workload,2,3,,
d8d9ed13-46fd-4960-ba36-961ce2a5ba84,SUCCESS,2026-04-27T09:47:32.732206+00:00,2026-04-27T09:48:36.147407+00:00,thesis_workload,2,3,,
6be4df17-1bfb-45f0-a2ed-6daacda85236,SUCCESS,2026-04-27T09:51:04.843258+00:00,2026-04-27T09:52:10.199269+00:00,thesis_workload,3,1,,
0d174364-e771-4c9a-939a-cd64c2c281a3,SUCCESS,2026-04-27T09:51:04.933644+00:00,2026-04-27T09:52:10.202475+00:00,thesis_workload,3,1,,
65df47f8-2f47-49ec-a412-549281704c7e,SUCCESS,2026-04-27T09:51:05.111773+00:00,2026-04-27T09:52:10.217688+00:00,thesis_workload,3,1,,
8796a1cf-243b-4469-b868-2aee4ef0e82c,SUCCESS,2026-04-27T09:54:37.585683+00:00,2026-04-27T09:55:41.869399+00:00,thesis_workload,3,2,,
a053cf03-1de4-42ac-8a39-fa25c3be49dd,SUCCESS,2026-04-27T09:54:37.751995+00:00,2026-04-27T09:55:41.871842+00:00,thesis_workload,3,2,,
7fd136e5-69a7-4647-a072-bddca216d901,SUCCESS,2026-04-27T09:54:37.869399+00:00,2026-04-27T09:55:41.869595+00:00,thesis_workload,3,2,,
87b36e72-9f9f-4952-af3e-4a658bc96369,SUCCESS,2026-04-27T09:58:15.378566+00:00,2026-04-27T09:59:19.877619+00:00,thesis_workload,3,3,,
436af5dc-bf1b-4028-ac7c-19d4aeaf5683,SUCCESS,2026-04-27T09:58:15.535152+00:00,2026-04-27T09:59:19.903444+00:00,thesis_workload,3,3,,
d669ca58-8e2e-47b9-a24a-cd6dfc8da114,SUCCESS,2026-04-27T09:58:15.632189+00:00,2026-04-27T09:59:19.877903+00:00,thesis_workload,3,3,,
2fe1ab18-ab28-417f-8992-1766244c876b,SUCCESS,2026-04-27T10:01:48.671510+00:00,2026-04-27T10:02:54.426389+00:00,thesis_workload,5,1,,
7aafd88f-6bcd-49c3-916d-dc6247310a09,SUCCESS,2026-04-27T10:01:48.507407+00:00,2026-04-27T10:02:54.452995+00:00,thesis_workload,5,1,,
8fd911e9-49a1-4362-8436-c71a8e75fc7d,SUCCESS,2026-04-27T10:01:48.889331+00:00,2026-04-27T10:02:54.696316+00:00,thesis_workload,5,1,,
55a13616-a038-44c1-832f-5e206dafba6d,SUCCESS,2026-04-27T10:01:49.427323+00:00,2026-04-27T10:02:57.855035+00:00,thesis_workload,5,1,,
ffddc5d2-9db1-487d-8ae0-ddb628a99b9e,SUCCESS,2026-04-27T10:01:49.791323+00:00,2026-04-27T10:02:57.698363+00:00,thesis_workload,5,1,,
798ef6b5-2ba7-4f7f-861b-df2686c420ce,SUCCESS,2026-04-27T10:05:24.575694+00:00,2026-04-27T10:06:34.185144+00:00,thesis_workload,5,2,,
ed34be0d-9945-4b6c-8298-3801b1f481df,SUCCESS,2026-04-27T10:05:24.483619+00:00,2026-04-27T10:06:36.449112+00:00,thesis_workload,5,2,,
16885a73-bbd5-45fd-8bbb-2ac32afe0d04,SUCCESS,2026-04-27T10:05:24.763391+00:00,2026-04-27T10:06:35.937357+00:00,thesis_workload,5,2,,
d3b52a69-2dd4-4341-8149-c5f6ac03cacd,SUCCESS,2026-04-27T10:05:25.079916+00:00,2026-04-27T10:06:36.509714+00:00,thesis_workload,5,2,,
6ebdedc8-74e4-4ef4-b0c9-16aa049bc0ed,SUCCESS,2026-04-27T10:05:25.264967+00:00,2026-04-27T10:06:36.503102+00:00,thesis_workload,5,2,,
e00ea23e-6d18-482d-ad77-277f68f79a00,SUCCESS,2026-04-27T10:08:55.420197+00:00,2026-04-27T10:10:02.183066+00:00,thesis_workload,5,3,,
1d68d878-a74c-4eab-b370-513f90ce1ba3,SUCCESS,2026-04-27T10:08:55.390829+00:00,2026-04-27T10:10:02.146537+00:00,thesis_workload,5,3,,
18047629-af85-46f8-81f1-e2d10d975cae,SUCCESS,2026-04-27T10:08:55.810683+00:00,2026-04-27T10:10:02.411329+00:00,thesis_workload,5,3,,
c9a905e3-9da3-48f1-a561-fd4b89cc40a0,SUCCESS,2026-04-27T10:08:55.919496+00:00,2026-04-27T10:10:02.560205+00:00,thesis_workload,5,3,,
3c2bfe83-0ef6-453b-a9eb-335b5375eed7,SUCCESS,2026-04-27T10:08:56.008740+00:00,2026-04-27T10:10:02.437630+00:00,thesis_workload,5,3,,
4fd64e01-ecaa-4b56-8c15-766172e8b215,SUCCESS,2026-04-27T10:12:31.784321+00:00,2026-04-27T10:13:45.758665+00:00,thesis_workload,7,1,,
88cbe1bb-b5b0-4901-b98f-ceade3c04932,SUCCESS,2026-04-27T10:12:32.367710+00:00,2026-04-27T10:13:45.261399+00:00,thesis_workload,7,1,,
c92fd93b-b9c1-4dd2-8188-4530981a3aa3,SUCCESS,2026-04-27T10:12:33.291478+00:00,2026-04-27T10:13:44.845668+00:00,thesis_workload,7,1,,
c4e9f9ba-8de1-43ad-a1e9-154e98e9d010,SUCCESS,2026-04-27T10:12:33.984556+00:00,2026-04-27T10:13:45.325048+00:00,thesis_workload,7,1,,
00be22c8-9c20-48a1-baae-a042f557c7a6,SUCCESS,2026-04-27T10:12:34.368114+00:00,2026-04-27T10:13:48.906422+00:00,thesis_workload,7,1,,
df20c505-1618-48de-83f1-ea8c51871436,SUCCESS,2026-04-27T10:12:34.285514+00:00,2026-04-27T10:13:46.302783+00:00,thesis_workload,7,1,,
f8ead9b3-7408-4f7e-a237-b548a569e3e7,SUCCESS,2026-04-27T10:12:35.304289+00:00,2026-04-27T10:13:49.797381+00:00,thesis_workload,7,1,,
e83ac387-d7f3-4f1e-b11c-e3d99301c4aa,SUCCESS,2026-04-27T10:16:23.664351+00:00,2026-04-27T10:17:57.595311+00:00,thesis_workload,7,2,,
ed4a9dca-5f17-4ec6-bd07-76dee856468d,SUCCESS,2026-04-27T10:16:23.724978+00:00,2026-04-27T10:17:58.327373+00:00,thesis_workload,7,2,,
29b626ab-4bb9-42e7-a496-7e125bf66177,SUCCESS,2026-04-27T10:16:26.067234+00:00,2026-04-27T10:17:58.827387+00:00,thesis_workload,7,2,,
db66587e-3a19-4d10-b4a6-1ac739e5e130,SUCCESS,2026-04-27T10:16:33.314842+00:00,2026-04-27T10:17:57.582137+00:00,thesis_workload,7,2,,
2826b58a-b8e6-4de6-951b-c18c41592e8b,SUCCESS,2026-04-27T10:16:35.526232+00:00,2026-04-27T10:17:58.279725+00:00,thesis_workload,7,2,,
a6c5edbf-61ec-4754-bffb-569bb1652950,SUCCESS,2026-04-27T10:16:35.986611+00:00,2026-04-27T10:17:58.455400+00:00,thesis_workload,7,2,,
52bcfb8b-62ce-4496-b129-bc739181b801,SUCCESS,2026-04-27T10:16:37.164684+00:00,2026-04-27T10:17:58.575642+00:00,thesis_workload,7,2,,
d04cdc32-5381-4907-a99b-1bf821f38558,SUCCESS,2026-04-27T10:19:40.340755+00:00,2026-04-27T10:21:05.224237+00:00,thesis_workload,7,3,,
b5f28844-9392-479c-a32b-e5294b557386,SUCCESS,2026-04-27T10:19:47.934998+00:00,2026-04-27T10:21:03.428021+00:00,thesis_workload,7,3,,
a9001b50-7a11-4860-97bc-1dccff455e54,SUCCESS,2026-04-27T10:19:49.333192+00:00,2026-04-27T10:21:03.406981+00:00,thesis_workload,7,3,,
c80ad82e-4ab4-47b4-b0e6-6ebb596d9ee8,SUCCESS,2026-04-27T10:19:49.488262+00:00,2026-04-27T10:21:05.227199+00:00,thesis_workload,7,3,,
5a2cad8b-496a-4619-b7bf-3264fa748e15,SUCCESS,2026-04-27T10:19:49.421139+00:00,2026-04-27T10:21:05.234534+00:00,thesis_workload,7,3,,
cc7470ea-77f0-4248-a846-b7971d01d225,SUCCESS,2026-04-27T10:19:49.146708+00:00,2026-04-27T10:21:05.226811+00:00,thesis_workload,7,3,,
4d8713a1-e130-4a2e-8b3b-bd64dcf3f7d2,SUCCESS,2026-04-27T10:19:51.329125+00:00,2026-04-27T10:21:38.787163+00:00,thesis_workload,7,3,,
84f2e36f-eb7b-4ccf-a04e-598ad0e66bf2,SUCCESS,2026-04-27T10:23:14.374346+00:00,2026-04-27T10:27:17.783001+00:00,thesis_workload,10,1,,
82017e92-115d-4b26-8dd8-0fc1d7c9e0bc,SUCCESS,2026-04-27T10:23:17.153781+00:00,2026-04-27T10:27:18.035734+00:00,thesis_workload,10,1,,
22da8a5d-ea5d-4578-bda5-6e6cc69deffa,SUCCESS,2026-04-27T10:23:17.843586+00:00,2026-04-27T10:27:18.334423+00:00,thesis_workload,10,1,,
58185f1b-8ef7-4927-a24b-6f3c19238abf,STARTED,2026-04-27T10:23:19.899265+00:00,,thesis_workload,10,1,,
882cb146-8c71-4fd5-b264-bfbeb6649bd2,SUCCESS,2026-04-27T10:23:19.944965+00:00,2026-04-27T10:27:18.405494+00:00,thesis_workload,10,1,,
98999d6d-d96a-44a1-8471-80227b2a44be,STARTED,2026-04-27T10:23:19.885914+00:00,,thesis_workload,10,1,,
f393fb20-5571-432a-a08d-df16abf81f7e,SUCCESS,2026-04-27T10:23:22.602384+00:00,2026-04-27T10:27:18.164090+00:00,thesis_workload,10,1,,
d61b0bcc-0086-47db-b94e-6c99252b74f6,SUCCESS,2026-04-27T10:23:25.370306+00:00,2026-04-27T10:27:18.347063+00:00,thesis_workload,10,1,,
9d35699a-2856-4e47-9507-2ce40b521c34,SUCCESS,2026-04-27T10:23:25.972690+00:00,2026-04-27T10:27:18.064784+00:00,thesis_workload,10,1,,
928862c9-ed4b-4054-8a5d-cea10ea987f2,SUCCESS,2026-04-27T10:23:26.336842+00:00,2026-04-27T10:27:17.792643+00:00,thesis_workload,10,1,,
68f9c59a-3b92-449b-9766-f7a455a93bd9,SUCCESS,2026-04-27T10:30:39.385283+00:00,2026-04-27T10:32:14.022821+00:00,thesis_workload,10,3,,
024b1392-aecc-45fe-9e25-79a513c7fa24,SUCCESS,2026-04-27T10:30:56.004166+00:00,2026-04-27T10:32:13.522523+00:00,thesis_workload,10,3,,
15b089a0-8eea-4b20-9c5b-a3e11bd5cc48,SUCCESS,2026-04-27T10:30:56.024555+00:00,2026-04-27T10:32:14.028257+00:00,thesis_workload,10,3,,
098a95b4-49ab-4015-976a-b13d794b02b7,SUCCESS,2026-04-27T10:30:57.858028+00:00,2026-04-27T10:32:14.071942+00:00,thesis_workload,10,3,,
4c1ed307-61f2-4e14-a252-74d174ee7fda,SUCCESS,2026-04-27T10:31:01.515227+00:00,2026-04-27T10:33:52.529747+00:00,thesis_workload,10,3,,
5701836f-51f4-4210-b6d4-405ed7e9fa88,SUCCESS,2026-04-27T10:31:28.014607+00:00,2026-04-27T10:33:52.635641+00:00,thesis_workload,10,3,,
58808e46-98fe-4e15-bcd2-fadb26179585,SUCCESS,2026-04-27T10:31:28.544211+00:00,2026-04-27T10:33:52.562043+00:00,thesis_workload,10,3,,
c94bd755-f518-4f50-96d7-2172ddfabe49,SUCCESS,2026-04-27T10:31:28.382017+00:00,2026-04-27T10:33:52.805297+00:00,thesis_workload,10,3,,
21462047-7b76-455d-a8da-8c232df56395,SUCCESS,2026-04-27T10:35:00.404054+00:00,2026-04-27T10:36:20.172231+00:00,thesis_workload,10,3,,
50291e64-e719-4262-800e-57a60a4cb210,SUCCESS,2026-04-27T10:35:13.038534+00:00,2026-04-27T10:36:20.178412+00:00,thesis_workload,10,3,,
cc18db76-b2e9-4264-980e-498ed7efecf2,SUCCESS,2026-04-30T12:56:28.747699+00:00,2026-04-30T12:57:49.116331+00:00,thesis_workload,5,1,,
ca103fd0-c0bc-4c0a-996f-71b3229fb44f,SUCCESS,2026-04-30T12:56:28.833985+00:00,2026-04-30T12:57:47.577275+00:00,thesis_workload,5,1,,
45b8a285-f79f-480c-a72f-89b39d3901db,SUCCESS,2026-04-30T12:56:37.332805+00:00,2026-04-30T12:57:52.148101+00:00,thesis_workload,5,1,,
ef00d5ab-0be0-4d60-b821-613a7551508b,SUCCESS,2026-04-30T12:56:37.783613+00:00,2026-04-30T12:57:51.555731+00:00,thesis_workload,5,1,,
3c7c8ab2-cdd3-4ebd-a62d-0ed458ef522d,SUCCESS,2026-04-30T12:56:38.172405+00:00,2026-04-30T12:57:52.674388+00:00,thesis_workload,5,1,,
4f75668b-36d0-4e95-947a-cedf1086837b,SUCCESS,2026-04-30T13:08:38.619385+00:00,2026-04-30T13:10:05.150439+00:00,thesis_workload,5,2,,
d265aafc-3772-4b8e-9c66-4c0780375e9c,SUCCESS,2026-04-30T13:08:38.963372+00:00,2026-04-30T13:10:06.001516+00:00,thesis_workload,5,2,,
1e562b6d-4ab2-4d7a-be38-8d0462ab8e6e,SUCCESS,2026-04-30T13:08:38.927701+00:00,2026-04-30T13:10:05.667179+00:00,thesis_workload,5,2,,
2a6b5a59-f172-4e74-a6aa-169b7bbce791,SUCCESS,2026-04-30T13:08:39.082605+00:00,2026-04-30T13:10:04.987879+00:00,thesis_workload,5,2,,
e8754327-28ac-48a3-8c9c-bc3313f71d9f,SUCCESS,2026-04-30T13:08:40.418433+00:00,2026-04-30T13:10:05.172221+00:00,thesis_workload,5,2,,
317d5f67-c039-479e-95fe-630b781cb1de,SUCCESS,2026-04-30T13:12:50.749491+00:00,2026-04-30T13:15:00.582587+00:00,thesis_workload,5,3,,
fe131ca5-d032-4a54-b3c2-abd0f2c84d87,SUCCESS,2026-04-30T13:12:51.150038+00:00,2026-04-30T13:14:41.487740+00:00,thesis_workload,5,3,,
84f47ed6-1675-4243-813c-3572b67a9762,SUCCESS,2026-04-30T13:12:50.846253+00:00,2026-04-30T13:14:47.092948+00:00,thesis_workload,5,3,,
980905b8-795d-4efb-97f4-a7199ac152f5,SUCCESS,2026-04-30T13:12:51.152891+00:00,2026-04-30T13:14:45.148708+00:00,thesis_workload,5,3,,
c77ab512-98b6-474d-a67e-80e950f3bf41,SUCCESS,2026-04-30T13:12:53.299264+00:00,2026-04-30T13:14:59.676318+00:00,thesis_workload,5,3,,
159e445b-e7a5-4bdf-92b5-3d213ed064eb,SUCCESS,2026-04-30T13:23:45.093088+00:00,2026-04-30T13:27:10.357228+00:00,thesis_workload,10,1,,
b1f59a75-2b5e-47ca-bde8-a250764dbefd,SUCCESS,2026-04-30T13:23:48.049063+00:00,2026-04-30T13:28:06.413084+00:00,thesis_workload,10,1,,
9eade638-6b37-4ee7-b842-a4efd119e0d2,STARTED,2026-04-30T13:23:46.048883+00:00,,thesis_workload,10,1,,
e0948fd3-5204-4300-ac4c-08135bb8460f,SUCCESS,2026-04-30T13:23:49.061563+00:00,2026-04-30T13:28:08.324391+00:00,thesis_workload,10,1,,
6034e0df-f3ff-4e73-a34a-437a9ab7aa00,SUCCESS,2026-04-30T13:23:50.325137+00:00,2026-04-30T13:28:13.851239+00:00,thesis_workload,10,1,,
040711a7-a7a5-4030-9caa-2b489ab78abb,SUCCESS,2026-04-30T13:23:50.629358+00:00,2026-04-30T13:28:13.626723+00:00,thesis_workload,10,1,,
5990ac4f-b948-4349-87b3-61ac8716f856,SUCCESS,2026-04-30T13:23:54.247087+00:00,2026-04-30T13:28:12.754683+00:00,thesis_workload,10,1,,
19ee8baf-780e-458a-b1fe-9e695fd575e2,SUCCESS,2026-04-30T13:23:54.177933+00:00,2026-04-30T13:28:14.475587+00:00,thesis_workload,10,1,,
6a9f2d44-67b0-46a9-ae81-d06eda46175c,SUCCESS,2026-04-30T13:28:12.298759+00:00,2026-04-30T13:29:43.227925+00:00,thesis_workload,10,1,,
58a2ece7-b007-4107-bbef-fbe2f0b7a892,SUCCESS,2026-04-30T13:28:27.606899+00:00,2026-04-30T13:29:43.973678+00:00,thesis_workload,10,1,,
6581f1d0-37a2-4ba9-a724-d232feeb165e,SUCCESS,2026-04-30T14:54:04.657512+00:00,2026-04-30T14:59:14.699059+00:00,thesis_workload,10,1,,
6531e0a2-03ce-4d3d-b647-fc78bc7eaa9b,SUCCESS,2026-04-30T14:54:04.469513+00:00,2026-04-30T14:59:14.417705+00:00,thesis_workload,10,1,,
a07848f2-b364-40f6-a226-d21c71991082,SUCCESS,2026-04-30T14:54:06.078396+00:00,2026-04-30T14:59:14.414453+00:00,thesis_workload,10,1,,
2a6e950a-16a4-405a-a69f-fb056145dfc2,SUCCESS,2026-04-30T14:54:06.245407+00:00,2026-04-30T14:59:14.693289+00:00,thesis_workload,10,1,,
3d47f1d7-5af8-4ad0-9c29-cfa8fa5a187c,SUCCESS,2026-04-30T14:54:14.366958+00:00,2026-04-30T14:59:14.230485+00:00,thesis_workload,10,1,,
6d6420aa-3d7c-4253-9ed4-586c37114e89,SUCCESS,2026-04-30T14:54:21.737115+00:00,2026-04-30T14:59:25.554815+00:00,thesis_workload,10,1,,
da3b946e-15ae-4671-b607-b8040bbfd4e3,STARTED,2026-04-30T14:54:21.630124+00:00,,thesis_workload,10,1,,
14d39c07-5bff-487f-8e47-eebaaaa66ec7,SUCCESS,2026-04-30T14:59:30.861147+00:00,2026-04-30T15:00:50.011160+00:00,thesis_workload,10,1,,
7eda2b09-409b-49f2-aac8-02b224ef4ebc,SUCCESS,2026-04-30T14:59:31.006914+00:00,2026-04-30T15:00:50.170835+00:00,thesis_workload,10,1,,
edcaad93-2956-4e33-a0b8-29edd89a73a1,SUCCESS,2026-04-30T14:59:31.307697+00:00,2026-04-30T15:00:50.224525+00:00,thesis_workload,10,1,,
3b1edbe5-8141-432b-b8d9-012e2cfb6ba9,SUCCESS,2026-05-01T09:36:08.277528+00:00,2026-05-01T09:37:27.770363+00:00,thesis_workload,1,1,,
c8f04c4d-597a-41c8-ad54-430b7cafe012,SUCCESS,2026-05-01T09:39:52.188235+00:00,2026-05-01T12:25:52.128764+00:00,thesis_workload,1,2,,
a14309ee-0210-4bf7-bc44-d13036222fcf,SUCCESS,2026-05-01T12:28:15.216506+00:00,2026-05-01T12:29:21.262194+00:00,thesis_workload,1,3,,
